ns3,omnet,geom,seed,dist,att_ns3,att_omnet
0.7412808795823449,0.5261606253773355,intersection,0,0,245753,255078
0.5022650599910279,0.31102688240540194,intersection,0,10,385641,408148
0.3245097154714513,0.207889738282356,intersection,0,20,354692,363789
0.22966747889188427,0.15830474439253106,intersection,0,30,393569,425281
0.17293305585705188,0.12830650393405932,intersection,0,40,445924,459322
0.1399694535390016,0.11203685513339358,intersection,0,50,474032,509020
0.12071903430146508,0.09779475531695231,intersection,0,60,446599,484300
0.10220077925240473,0.08911018104263883,intersection,0,70,459928,498888
0.10714973580947651,0.09051640040699444,intersection,0,80,430939,476665
0.0990074212405046,0.08363265525199935,intersection,0,90,411252,465775
0.08435900133249176,0.07242618428352565,intersection,0,100,342216,392938
0.08112048470817505,0.0683264888581405,intersection,0,110,272989,338229
0.07386145211307311,0.06190608263829731,intersection,0,120,234114,302862
0.07071447851573441,0.06145988135127275,intersection,0,130,196353,250993
0.07239639472831513,0.057177497327078615,intersection,0,140,151223,195479
0.07797421311432302,0.05914925089833293,intersection,0,150,114089,152783
0.07641933830647457,0.05921372103412777,intersection,0,160,87805,102966
0.07342178120117321,0.0571753884622254,intersection,0,170,72962,89584
0.08084985027805504,0.06477466824333201,intersection,0,180,49091,60888
0.0933496426961952,0.07236058678963236,intersection,0,190,31066,39469
0.08438991838201325,0.06242140561687858,intersection,0,200,19481,28628
0.07156502571638501,0.05273662733966114,intersection,0,210,13610,22546
0.07472941176470588,0.053678528588564575,intersection,0,220,10625,20008
0.07155787456074965,0.05868292099916338,intersection,0,230,9391,16734
0.06586004739927653,0.05383965147278757,intersection,0,240,8017,15379
0.06242219455806509,0.049586155003762226,intersection,0,250,5623,13290
0.07910295616717634,0.08429891941153496,intersection,0,260,4905,15362
0.076,0.05993676183390682,intersection,0,270,3750,21506
0.09159697331740342,0.051620802990268735,intersection,0,280,2511,15517
0.09906759906759907,0.060265166733627966,intersection,0,290,1716,7467
0.7757821453618652,0.766246818262936,intersection,1,0,175383,212934
0.6093240025235489,0.6728990758538379,intersection,1,10,274217,303307
0.45996157308713087,0.5284503320979047,intersection,1,20,256591,272510
0.3422100407178064,0.41901414997861697,intersection,1,30,265977,268905
0.269223022645335,0.3435182632667126,intersection,1,40,297898,290200
0.21957150324548577,0.28034770073877086,intersection,1,50,302266,321886
0.19164709065640104,0.23172527429415843,intersection,1,60,325228,382345
0.16965092922005992,0.19374820748146024,intersection,1,70,324089,390512
0.16354603577836058,0.16866079279157772,intersection,1,80,328299,385549
0.151348406428766,0.14303532692903626,intersection,1,90,312035,387240
0.1403219448623167,0.12226874645316646,intersection,1,100,248614,325995
0.12346933951113423,0.10648622116261132,intersection,1,110,211510,285220
0.1175137925686305,0.09331890495304485,intersection,1,120,180532,238419
0.12367690643082278,0.08234445356618653,intersection,1,130,148799,200985
0.12176734271652927,0.07422306096322782,intersection,1,140,127604,181224
0.12395663629598343,0.06587855297157623,intersection,1,150,99438,154800
0.11497726932107709,0.05863274437543896,intersection,1,160,80068,126721
0.12114230861531078,0.05361791284840532,intersection,1,170,62505,94502
0.1396559633027523,0.047187362581605385,intersection,1,180,43600,59126
0.15312675604078027,0.04144563200668984,intersection,1,190,24914,38267
0.1379198125488154,0.029634300126103404,intersection,1,200,15364,26962
0.11447978793903248,0.025539300768658568,intersection,1,210,12072,24198
0.11190116434094748,0.021156045326957064,intersection,1,220,11251,19238
0.09102030829459261,0.017210597729058058,intersection,1,230,8174,14003
0.09751102709514808,0.01556138604903646,intersection,1,240,6348,11053
0.09204033469212615,0.011983632112236945,intersection,1,250,4661,10264
0.10180671063951821,0.011584890965732087,intersection,1,260,3487,10272
0.11387526278906797,0.009360915289494972,intersection,1,270,2854,17306
0.12074169900819319,0.008425590281179583,intersection,1,280,2319,10207
0.13143989431968295,0.0054621848739495795,intersection,1,290,1514,4760
0.7282790782808689,0.728446231419794,intersection,2,0,251313,274082
0.516584557025444,0.6238819131421817,intersection,2,10,419155,426398
0.3380221116760168,0.4763257997063665,intersection,2,20,365056,359632
0.23625618749368624,0.37845878897898677,intersection,2,30,395960,390563
0.17025292033535622,0.3009765986574911,intersection,2,40,427605,437539
0.13209301099017015,0.2460076793729932,intersection,2,50,455043,493009
0.11091183329953357,0.20464195057540607,intersection,2,60,473376,527106
0.09612623274161736,0.17131160074561658,intersection,2,70,507000,549344
0.08877058512258872,0.1466882804008501,intersection,2,80,498904,535462
0.0845615661812741,0.1266950382048554,intersection,2,90,474530,516950
0.07102545210118794,0.10797857097544063,intersection,2,100,386805,457137
0.06820514689358187,0.09477968510395958,intersection,2,110,329286,382793
0.06504618596945144,0.0845648379166324,intersection,2,120,264366,328257
0.06893896228766781,0.07521855859763531,intersection,2,130,224648,267434
0.0696749247837533,0.06762336528358105,intersection,2,140,170176,202711
0.07465940524097994,0.061205870403501145,intersection,2,150,116047,140297
0.07134106452572109,0.05450891311507249,intersection,2,160,84075,118421
0.06859115936168227,0.04788348700754401,intersection,2,170,64294,85896
0.07687460617517328,0.0415561167407218,intersection,2,180,47610,62566
0.08847468157812985,0.03642427990811097,intersection,2,190,32190,45272
0.07733280725981456,0.027231675753070103,intersection,2,200,25345,36318
0.07361560226354083,0.023623769595333577,intersection,2,210,19792,27430
0.06342112263899974,0.019738982683200172,intersection,2,220,18795,27661
0.05714788113240724,0.01704088022184453,intersection,2,230,17061,22358
0.052282828282828285,0.013284745606347157,intersection,2,240,12375,21679
0.05465355591127372,0.01259102974205404,intersection,2,250,8746,14693
0.053502085430749316,0.011238107400549134,intersection,2,260,6953,15661
0.060950217679348856,0.008403010033444815,intersection,2,270,5283,23920
0.05720695457094784,0.00681224337439343,intersection,2,280,3566,10716
0.062101376300772074,0.005912300870422073,intersection,2,290,2979,6089
0.7295904658036575,0.7435894999857492,intersection,3,0,189801,210514
0.5248079864203963,0.644358939123265,intersection,3,10,297505,327465
0.36425289569978264,0.49660920662536173,intersection,3,20,290776,337974
0.2676464345398071,0.3911512101062728,intersection,3,30,334501,361993
0.2165771771372786,0.31737242628252527,intersection,3,40,346223,412487
0.18321598573381148,0.25967892141064763,intersection,3,50,357769,449921
0.1634727234362573,0.21778993401770813,intersection,3,60,369658,454819
0.14329680539540593,0.18315036355170314,intersection,3,70,361641,446704
0.14339654135381621,0.1602749726514047,intersection,3,80,347477,450663
0.1310686116555986,0.13795378238137904,intersection,3,90,320893,406252
0.105916013056332,0.11752009663553808,intersection,3,100,272971,326174
0.10025866573021679,0.10130306141749304,intersection,3,110,233506,296072
0.09447303276611504,0.08821700448299268,intersection,3,120,205212,246041
0.09304567916114258,0.08035336660463542,intersection,3,130,165940,189152
0.0952585545496394,0.07317208669263835,intersection,3,140,130340,144003
0.09691261119832549,0.06463221126600929,intersection,3,150,95550,105876
0.09959402638828477,0.06018580493159487,intersection,3,160,68970,74702
0.09586585299603426,0.05268105787821275,intersection,3,170,55223,56377
0.09857948821277453,0.04511888938118446,intersection,3,180,39704,40626
0.10831597500400576,0.037917716204869854,intersection,3,190,24964,29775
0.09106155661842351,0.029927076427692018,intersection,3,200,16099,21118
0.08482301830353964,0.027593254982115484,intersection,3,210,14041,19570
0.07831628374979037,0.018198417528910528,intersection,3,220,11926,16430
0.08411128570108144,0.017511641634419886,intersection,3,230,10819,15247
0.0738997411155566,0.014364303178484108,intersection,3,240,8498,13088
0.06752618855761483,0.010945666107878907,intersection,3,250,6205,10141
0.06526806526806526,0.01013739946380697,intersection,3,260,5148,11936
0.0677746039989613,0.009561238854997654,intersection,3,270,3851,17048
0.07373737373737374,0.0062983624257693,intersection,3,280,2970,11114
0.06484962406015038,0.005973349670699954,intersection,3,290,2128,6529
0.7024159600627955,0.7589188125737769,intersection,4,0,215939,182984
0.514100721915413,0.6586635016502326,intersection,4,10,346578,342073
0.36178242923025966,0.5088625580229135,intersection,4,20,313976,311084
0.26054072294203545,0.4055835380835381,intersection,4,30,343762,325600
0.19613063299199393,0.3264836768038197,intersection,4,40,364349,354373
0.15844533991940726,0.26790084191324326,intersection,4,50,384650,380443
0.13428348362011913,0.22264907902064726,intersection,4,60,386816,387848
0.11834985637693816,0.18788187248716032,intersection,4,70,404183,410641
0.11293806009763002,0.1635836696136114,intersection,4,80,384308,389556
0.10588175421397596,0.14103621998254776,intersection,4,90,373341,379321
0.09564849235190537,0.12255096058516042,intersection,4,100,311777,325791
0.09281433729701118,0.10464991017100522,intersection,4,110,264485,287769
0.0867170177383592,0.09168681731009756,intersection,4,120,230912,239860
0.08556846141910314,0.08294184008008178,intersection,4,130,180452,188807
0.08801771002634086,0.07446334728778836,intersection,4,140,142744,145951
0.09801302222486097,0.07012145902775799,intersection,4,150,101058,105303
0.09424875470163668,0.06149000920050013,intersection,4,160,78696,84778
0.08629740181446573,0.05457210348066141,intersection,4,170,68009,70274
0.08893895290880817,0.04507466012926231,intersection,4,180,50158,53844
0.09649393775581126,0.03641571194762684,intersection,4,190,25898,34216
0.08941952801700033,0.02734555215367194,intersection,4,200,17882,23843
0.09521852308535415,0.024762765476728423,intersection,4,210,14598,22130
0.0896197948098974,0.019925207432511395,intersection,4,220,9942,17114
0.07194053623573135,0.016226860968885388,intersection,4,230,7534,12695
0.06886274509803922,0.01486013986013986,intersection,4,240,6375,10296
0.06139419674451522,0.011094601287766221,intersection,4,250,5652,10095
0.06002290950744559,0.0145273822039568,intersection,4,260,4365,10463
0.07964329643296433,0.008608573436401968,intersection,4,270,3252,17076
0.10588752196836555,0.007891858102828567,intersection,4,280,2276,12798
0.09906542056074766,0.005289309184164129,intersection,4,290,1605,6239
0.8896925975220056,0.6744431960875025,mainstreet,0,0,155529,151310
0.7548825107732337,0.5059303365046932,mainstreet,0,10,122990,125288
0.599690196946227,0.3541749900119856,mainstreet,0,20,85861,80096
0.5218478787349431,0.28766604613006025,mainstreet,0,30,125939,126772
0.45016125123501666,0.2641934381840497,mainstreet,0,40,160929,158066
0.38336720645118993,0.23334393081960958,mainstreet,0,50,152530,157270
0.326325623917367,0.22894892293151656,mainstreet,0,60,249392,253930
0.31996278679077583,0.217500977904376,mainstreet,0,70,409532,398812
0.3006360375036828,0.21679109099302998,mainstreet,0,80,173103,177618
0.2656487806065919,0.18735580298926674,mainstreet,0,90,164262,159504
0.2556797443005258,0.18205561818865088,mainstreet,0,100,101369,106440
0.2744807414873224,0.21259932762836187,mainstreet,0,110,50601,52352
0.246563912740071,0.19297512645667647,mainstreet,0,120,65918,67019
0.23192786450362207,0.18684924591405314,mainstreet,0,130,78408,79235
0.2036245545805407,0.16858014966522253,mainstreet,0,140,101309,101560
0.19747077984288178,0.16683800663085663,mainstreet,0,150,78285,77818
0.20752734829972366,0.19062558531560217,mainstreet,0,160,43787,42712
0.23598426303217648,0.18394248052726184,mainstreet,0,170,14234,15021
0.22007406600588172,0.20543356903609974,mainstreet,0,180,18362,18809
0.21320255145023467,0.1618192698982645,mainstreet,0,190,16618,16710
0.2085710106771976,0.1771383124864435,mainstreet,0,200,13674,13831
0.1954384322118922,0.17312194795638505,mainstreet,0,210,14951,14949
0.24240997881854554,0.23064211520302172,mainstreet,0,220,4249,4236
0.5684695051783659,0.40041710114702816,mainstreet,0,230,869,959
0.5114503816793893,0.42805755395683454,mainstreet,0,240,393,556
0.6808510638297872,0.38578680203045684,mainstreet,0,250,94,197
0.881577004794947,0.6960593108041072,mainstreet,1,0,155789,147157
0.7275593388280863,0.5155690335008879,mainstreet,1,10,133218,132892
0.5810213648939441,0.3598402984735082,mainstreet,1,20,104096,87914
0.5167746854746473,0.29311708432194666,mainstreet,1,30,89182,92301
0.46270026169655964,0.2345809633666123,mainstreet,1,40,125336,125705
0.40761401032321704,0.23162450328520282,mainstreet,1,50,117599,127085
0.3422226874304611,0.22573262092103205,mainstreet,1,60,257949,249481
0.3204942640287478,0.22111232669816436,mainstreet,1,70,419371,413152
0.2960205285457876,0.20613580859437095,mainstreet,1,80,217843,207601
0.2808682885656715,0.18749775117838252,mainstreet,1,90,168239,166754
0.2704331266175106,0.18182429648811577,mainstreet,1,100,102395,118939
0.26438111476474646,0.18838407836543733,mainstreet,1,110,49266,54718
0.24758141236736186,0.19273799252228932,mainstreet,1,120,68325,69540
0.23692650393848713,0.17425122039527075,mainstreet,1,130,74521,80097
0.2119673956967839,0.17887995377281263,mainstreet,1,140,101459,103835
0.2081252697121016,0.16939931435385303,mainstreet,1,150,81105,80508
0.20047029815990136,0.1642464401522628,mainstreet,1,160,43802,42558
0.25256831364875254,0.17502579979360164,mainstreet,1,170,14309,14535
0.21485478015328763,0.15761474101658848,mainstreet,1,180,19832,20677
0.20659488559892328,0.17570183930300096,mainstreet,1,190,17832,18594
0.1876300097073915,0.16902701285077368,mainstreet,1,200,14422,15252
0.19925804828973842,0.177276390008058,mainstreet,1,210,15904,16133
0.24085973853312653,0.20977011494252873,mainstreet,1,220,4513,4524
0.5303643724696356,0.38957345971563984,mainstreet,1,230,988,1055
0.48676171079429736,0.43213728549141966,mainstreet,1,240,491,641
0.5680473372781065,0.34944237918215615,mainstreet,1,250,169,269
0.8699347144673006,0.6798882839168335,mainstreet,2,0,150263,141788
0.70000462028923,0.4715614914249866,mainstreet,2,10,129862,132303
0.5703574910300606,0.3421006426238719,mainstreet,2,20,99499,85431
0.5188461015104096,0.3028969223819397,mainstreet,2,30,80839,86333
0.48163726536505747,0.25692534293978814,mainstreet,2,40,111503,112702
0.4051930083475534,0.23883785515915404,mainstreet,2,50,108415,117025
0.35447532987783437,0.23572393515575335,mainstreet,2,60,261612,251680
0.33962844473855286,0.22153276880381415,mainstreet,2,70,429169,421590
0.3326450585419377,0.20890971926336221,mainstreet,2,80,215999,211230
0.2858783965908945,0.19779300180481743,mainstreet,2,90,155818,160127
0.26114240967524416,0.18640271450084828,mainstreet,2,100,91946,104918
0.2977817813309312,0.20935993572576325,mainstreet,2,110,44405,44808
0.23772262197153896,0.1847382798845143,mainstreet,2,120,81023,77239
0.2464668676187182,0.18220074261802321,mainstreet,2,130,80948,84835
0.2238463743192892,0.17062968651188,mainstreet,2,140,108159,110690
0.20883744740357843,0.16789610903115,mainstreet,2,150,80091,80931
0.20456420126477867,0.1691495426715911,mainstreet,2,160,40007,40343
0.26135105204872644,0.18698496304477105,mainstreet,2,170,11739,11771
0.23474970896391154,0.17595444244290778,mainstreet,2,180,17180,17209
0.19479538933910504,0.16818734793187348,mainstreet,2,190,19867,19728
0.18828349538311012,0.17670141017780502,mainstreet,2,200,16353,16310
0.16320892410341953,0.17090549747750558,mainstreet,2,210,19184,19227
0.2504391957837205,0.19111630625365283,mainstreet,2,220,5123,5133
0.5356773526370218,0.3915094339622642,mainstreet,2,230,967,1060
0.5827956989247312,0.4224,mainstreet,2,240,465,625
0.5935483870967742,0.42748091603053434,mainstreet,2,250,155,262
